{
  "metadata": [
    {
      "src": [
        {
          "files": [
            "src/**.csproj"
          ],
          "exclude": [
            "**/bin/**",
            "**/obj/**"
          ]
        }
      ],
      "dest": "obj/api"
    }
  ],
  "build": {
    "content": [
      {
        "files": [
          "api/**.yml"
        ],
        "src": "obj"
      },
      {
        "files": [
          "articles/**/*.md",
          "articles/**/toc.yml",
          "toc.yml",
          "*.md"
        ],
        "exclude": [
          "**/bin/**",
          "**/obj/**"
        ]
      }
    ],
    "resource": [
      {
        "files": [
          "images/**"
        ],
        "exclude": [
          "**/bin/**",
          "**/obj/**"
        ]
      }
    ],
    "overwrite": [
      {
        "files": [
          "apidoc/**.md"
        ],
        "exclude": [
          "**/bin/**",
          "**/obj/**"
        ]
      }
    ],
    "dest": "_site",
    "template": [
      "default"
    ]
  }
}