{
  "classesInSubtitle": "类",
  "structsInSubtitle": "结构",
  "interfacesInSubtitle": "接口",
  "enumsInSubtitle": "枚举",
  "delegatesInSubtitle": "委托",
  "constructorsInSubtitle": "构造函数",
  "fieldsInSubtitle": "字段",
  "propertiesInSubtitle": "属性",
  "methodsInSubtitle": "方法",
  "eventsInSubtitle": "事件",
  "operatorsInSubtitle": "运算符",
  "improveThisDoc": "改善此文档",
  "viewSource": "查看源代码",
  "inheritance": "继承",
  "namespace": "命名空间",
  "assembly": "程序集",
  "syntax": "语法",
  "remarks": "备注",
  "declaration": "声明",
  "parameters": "参数",
  "typeParameters": "类型参数",
  "type": "类型",
  "name": "名称",
  "description": "描述",
  "returns": "返回",
  "fieldValue": "字段值",
  "propertyValue": "属性值",
  "eventType": "事件类型",
  "exceptions": "异常",
  "condition": "条件"
}