{
  "classesInSubtitle": "Classes",
  "structsInSubtitle": "Structs",
  "interfacesInSubtitle": "Interfaces",
  "enumsInSubtitle": "Enums",
  "delegatesInSubtitle": "Delegates",
  "constructorsInSubtitle": "Constructors",
  "fieldsInSubtitle": "Fields",
  "propertiesInSubtitle": "Properties",
  "methodsInSubtitle": "Methods",
  "eventsInSubtitle": "Events",
  "operatorsInSubtitle": "Operators",
  "improveThisDoc": "Improve this Doc",
  "viewSource": "View Source",
  "inheritance": "Inheritance",
  "namespace": "Namespace",
  "assembly": "Assembly",
  "syntax": "Syntax",
  "remarks": "Remarks",
  "declaration": "Declaration",
  "parameters": "Parameters",
  "typeParameters": "Type Parameters",
  "type": "Type",
  "name": "Name",
  "description": "Description",
  "returns": "Returns",
  "propertyValue": "Property Value",
  "exceptions": "Exceptions",
  "condition": "Condition"
}